Timestamp,Target URL,Packet Number,Status
2024-11-28 10:10:05,https://example.com,1,Success (HTTP 200)
2024-11-28 10:10:06,https://example.com,2,Success (HTTP 200)
...
Timestamp,Target URL,Packet Number,Status
2024-11-28 09:14:39,https://nandhatech.org/,1,Success (HTTP 406)
2024-11-28 09:14:42,https://nandhatech.org/,2,Success (HTTP 406)
2024-11-28 09:14:45,https://nandhatech.org/,3,Success (HTTP 406)
2024-11-28 09:14:48,https://nandhatech.org/,4,Success (HTTP 406)
2024-11-28 09:14:52,https://nandhatech.org/,5,Success (HTTP 406)
2024-11-28 09:14:54,https://nandhatech.org/,6,Success (HTTP 406)
2024-11-28 09:14:57,https://nandhatech.org/,7,Success (HTTP 406)
2024-11-28 09:15:00,https://nandhatech.org/,8,Success (HTTP 406)
2024-11-28 09:15:03,https://nandhatech.org/,9,Success (HTTP 406)
2024-11-28 09:15:07,https://nandhatech.org/,10,Success (HTTP 406)
2024-11-28 09:15:10,https://nandhatech.org/,11,Success (HTTP 406)
2024-11-28 09:15:13,https://nandhatech.org/,12,Success (HTTP 406)
2024-11-28 09:15:16,https://nandhatech.org/,13,Success (HTTP 406)
2024-11-28 09:15:19,https://nandhatech.org/,14,Success (HTTP 406)
2024-11-28 09:15:23,https://nandhatech.org/,15,Success (HTTP 406)
2024-11-28 09:15:26,https://nandhatech.org/,16,Success (HTTP 406)
2024-11-28 09:15:29,https://nandhatech.org/,17,Success (HTTP 406)
2024-11-28 09:15:32,https://nandhatech.org/,18,Success (HTTP 406)
2024-11-28 09:15:35,https://nandhatech.org/,19,Success (HTTP 406)
2024-11-28 09:15:38,https://nandhatech.org/,20,Success (HTTP 406)
2024-11-28 09:15:41,https://nandhatech.org/,21,Success (HTTP 406)
2024-11-28 09:15:44,https://nandhatech.org/,22,Success (HTTP 406)
2024-11-28 09:15:48,https://nandhatech.org/,23,Success (HTTP 406)
2024-11-28 09:15:50,https://nandhatech.org/,24,Success (HTTP 406)
2024-11-28 09:15:54,https://nandhatech.org/,25,Success (HTTP 406)
2024-11-28 09:15:57,https://nandhatech.org/,26,Success (HTTP 406)
2024-11-28 09:16:00,https://nandhatech.org/,27,Success (HTTP 406)
2024-11-28 09:16:03,https://nandhatech.org/,28,Success (HTTP 406)
2024-11-28 09:16:06,https://nandhatech.org/,29,Success (HTTP 406)
2024-11-28 09:16:10,https://nandhatech.org/,30,Success (HTTP 406)
2024-11-28 09:16:13,https://nandhatech.org/,31,Success (HTTP 406)
2024-11-28 09:16:16,https://nandhatech.org/,32,Success (HTTP 406)
2024-11-28 09:16:19,https://nandhatech.org/,33,Success (HTTP 406)
2024-11-28 09:16:22,https://nandhatech.org/,34,Success (HTTP 406)
2024-11-28 09:16:25,https://nandhatech.org/,35,Success (HTTP 406)
2024-11-28 09:16:28,https://nandhatech.org/,36,Success (HTTP 406)
2024-11-28 09:16:31,https://nandhatech.org/,37,Success (HTTP 406)
2024-11-28 09:16:34,https://nandhatech.org/,38,Success (HTTP 406)
2024-11-28 09:16:37,https://nandhatech.org/,39,Success (HTTP 406)
2024-11-28 09:16:40,https://nandhatech.org/,40,Success (HTTP 406)
2024-11-28 09:16:43,https://nandhatech.org/,41,Success (HTTP 406)
2024-11-28 09:16:46,https://nandhatech.org/,42,Success (HTTP 406)
2024-11-28 09:16:49,https://nandhatech.org/,43,Success (HTTP 406)
2024-11-28 09:16:52,https://nandhatech.org/,44,Success (HTTP 406)
2024-11-28 09:16:55,https://nandhatech.org/,45,Success (HTTP 406)
2024-11-28 09:16:58,https://nandhatech.org/,46,Success (HTTP 406)
2024-11-28 09:17:01,https://nandhatech.org/,47,Success (HTTP 406)
2024-11-28 09:17:04,https://nandhatech.org/,48,Success (HTTP 406)
2024-11-28 09:17:07,https://nandhatech.org/,49,Success (HTTP 406)
2024-11-28 09:17:10,https://nandhatech.org/,50,Success (HTTP 406)
2024-11-28 09:17:12,https://nandhatech.org/,51,Success (HTTP 406)
2024-11-28 09:17:16,https://nandhatech.org/,52,Success (HTTP 406)
2024-11-28 09:17:18,https://nandhatech.org/,53,Success (HTTP 406)
2024-11-28 09:17:22,https://nandhatech.org/,54,Success (HTTP 406)
2024-11-28 09:17:25,https://nandhatech.org/,55,Success (HTTP 406)
2024-11-28 09:17:28,https://nandhatech.org/,56,Success (HTTP 406)
2024-11-28 09:17:32,https://nandhatech.org/,57,Success (HTTP 406)
2024-11-28 09:17:35,https://nandhatech.org/,58,Success (HTTP 406)
2024-11-28 09:17:38,https://nandhatech.org/,59,Success (HTTP 406)
2024-11-28 09:17:42,https://nandhatech.org/,60,Success (HTTP 406)
2024-11-28 09:17:49,https://nandhatech.org/,61,Success (HTTP 406)
2024-11-28 09:17:52,https://nandhatech.org/,62,Success (HTTP 406)
2024-11-28 09:17:55,https://nandhatech.org/,63,Success (HTTP 406)
2024-11-28 09:17:58,https://nandhatech.org/,64,Success (HTTP 406)
2024-11-28 09:18:01,https://nandhatech.org/,65,Success (HTTP 406)
2024-11-28 09:18:04,https://nandhatech.org/,66,Success (HTTP 406)
2024-11-28 09:18:07,https://nandhatech.org/,67,Success (HTTP 406)
2024-11-28 09:18:10,https://nandhatech.org/,68,Success (HTTP 406)
2024-11-28 09:18:13,https://nandhatech.org/,69,Success (HTTP 406)
2024-11-28 09:18:17,https://nandhatech.org/,70,Success (HTTP 406)
2024-11-28 09:18:20,https://nandhatech.org/,71,Success (HTTP 406)
2024-11-28 09:18:24,https://nandhatech.org/,72,Success (HTTP 406)
2024-11-28 09:18:27,https://nandhatech.org/,73,Success (HTTP 406)
2024-11-28 09:18:30,https://nandhatech.org/,74,Success (HTTP 406)
2024-11-28 09:18:33,https://nandhatech.org/,75,Success (HTTP 406)
2024-11-28 09:18:36,https://nandhatech.org/,76,Success (HTTP 406)
2024-11-28 09:18:39,https://nandhatech.org/,77,Success (HTTP 406)
2024-11-28 09:18:42,https://nandhatech.org/,78,Success (HTTP 406)
2024-11-28 09:18:45,https://nandhatech.org/,79,Success (HTTP 406)
2024-11-28 09:18:49,https://nandhatech.org/,80,Success (HTTP 406)
2024-11-28 09:18:52,https://nandhatech.org/,81,Success (HTTP 406)
2024-11-28 09:18:54,https://nandhatech.org/,82,Success (HTTP 406)
2024-11-28 09:18:58,https://nandhatech.org/,83,Success (HTTP 406)
2024-11-28 09:19:00,https://nandhatech.org/,84,Success (HTTP 406)
2024-11-28 09:19:03,https://nandhatech.org/,85,Success (HTTP 406)
2024-11-28 09:19:06,https://nandhatech.org/,86,Success (HTTP 406)
2024-11-28 09:19:09,https://nandhatech.org/,87,Success (HTTP 406)
2024-11-28 09:19:12,https://nandhatech.org/,88,Success (HTTP 406)
2024-11-28 09:19:15,https://nandhatech.org/,89,Success (HTTP 406)
2024-11-28 09:19:18,https://nandhatech.org/,90,Success (HTTP 406)
2024-11-28 09:19:22,https://nandhatech.org/,91,Success (HTTP 406)
2024-11-28 09:19:25,https://nandhatech.org/,92,Success (HTTP 406)
2024-11-28 09:19:27,https://nandhatech.org/,93,Success (HTTP 406)
2024-11-28 09:19:31,https://nandhatech.org/,94,Success (HTTP 406)
2024-11-28 09:19:33,https://nandhatech.org/,95,Success (HTTP 406)
2024-11-28 09:19:36,https://nandhatech.org/,96,Success (HTTP 406)
2024-11-28 09:19:39,https://nandhatech.org/,97,Success (HTTP 406)
2024-11-28 09:19:45,https://nandhatech.org/,98,Success (HTTP 406)
2024-11-28 09:19:49,https://nandhatech.org/,99,Success (HTTP 406)
2024-11-28 09:19:52,https://nandhatech.org/,100,Success (HTTP 406)
